{"cameraMode":{"drawMode":0,"name":"Shaded","section":"Shading Mode"},"sceneLighting":false,"audioPlay":false,"sceneViewState":{"showFog":true,"showMaterialUpdate":false,"showSkybox":false,"showFlares":true,"showImageEffects":true,"showParticleSystems":true,"showVisualEffectGraphs":true,"m_FxEnabled":true},"in2DMode":false,"pivot":{"x":0.35617321729660036,"y":10.432577133178711,"z":-1.0030899047851563},"rotation":{"x":0.24846689403057099,"y":-0.012393759563565255,"z":-0.020521312952041627,"w":0.969052255153656},"size":13.248106956481934,"orthographic":false}