{"cameraMode":{"drawMode":0,"name":"Shaded","section":"Shading Mode"},"sceneLighting":false,"audioPlay":false,"sceneViewState":{"m_AlwaysRefresh":false,"showFog":true,"showSkybox":false,"showFlares":true,"showImageEffects":true,"showParticleSystems":true,"showVisualEffectGraphs":true,"m_FxEnabled":true},"in2DMode":false,"pivot":{"x":-45.130367279052737,"y":-44.74105453491211,"z":-162.74493408203126},"rotation":{"x":-0.002276340499520302,"y":-0.9875391721725464,"z":0.1568371206521988,"w":-0.014556397683918476},"size":77.77545928955078,"orthographic":false}