{"cameraMode":{"drawMode":0,"name":"Shaded","section":"Shading Mode"},"sceneLighting":false,"audioPlay":false,"sceneViewState":{"showFog":true,"showMaterialUpdate":false,"showSkybox":false,"showFlares":true,"showImageEffects":true,"showParticleSystems":true,"showVisualEffectGraphs":true,"m_FxEnabled":true},"in2DMode":false,"pivot":{"x":0.03604614734649658,"y":-0.5447697639465332,"z":0.4297717213630676},"rotation":{"x":0.12207374721765518,"y":0.10106321424245835,"z":-0.013307757675647736,"w":0.9881342053413391},"size":3.9553310871124269,"orthographic":false}