{"cameraMode":{"drawMode":0,"name":"Shaded","section":"Shading Mode"},"sceneLighting":false,"audioPlay":false,"sceneViewState":{"showFog":true,"showMaterialUpdate":false,"showSkybox":false,"showFlares":true,"showImageEffects":true,"showParticleSystems":true,"showVisualEffectGraphs":true,"m_FxEnabled":true},"in2DMode":false,"pivot":{"x":-0.6827769875526428,"y":0.28996846079826357,"z":0.4188954830169678},"rotation":{"x":0.10368266701698303,"y":0.1520242691040039,"z":-0.015494871884584427,"w":0.9830043315887451},"size":1.009336233139038,"orthographic":false}