{"cameraMode":{"drawMode":0,"name":"Shaded","section":"Shading Mode"},"sceneLighting":true,"audioPlay":false,"sceneViewState":{"showFog":true,"showMaterialUpdate":false,"showSkybox":true,"showFlares":true,"showImageEffects":true,"showParticleSystems":true},"in2DMode":false,"pivot":{"x":-1.287367820739746,"y":-2.9020729064941408,"z":1.037022590637207},"rotation":{"x":0.3725011348724365,"y":-0.058408498764038089,"z":0.023499101400375367,"w":0.925895631313324},"size":6.798996448516846,"orthographic":false}