{"cameraMode":{"drawMode":0,"name":"Shaded","section":"Shading Mode"},"sceneLighting":true,"audioPlay":false,"sceneViewState":{"showFog":true,"showMaterialUpdate":false,"showSkybox":true,"showFlares":true,"showImageEffects":true,"showParticleSystems":true,"showVisualEffectGraphs":true,"m_FxEnabled":true},"in2DMode":false,"pivot":{"x":146.79574584960938,"y":-269.2087707519531,"z":-114.03575134277344},"rotation":{"x":0.06435734778642655,"y":0.9034077525138855,"z":-0.14628438651561738,"w":0.39793306589126589},"size":112.49915313720703,"orthographic":false}