{"cameraMode":{"drawMode":0,"name":"Shaded","section":"Shading Mode"},"sceneLighting":true,"audioPlay":false,"sceneViewState":{"showFog":true,"showMaterialUpdate":false,"showSkybox":true,"showFlares":true,"showImageEffects":true,"showParticleSystems":true,"showVisualEffectGraphs":true,"m_FxEnabled":true},"in2DMode":false,"pivot":{"x":468.93133544921877,"y":27.28240966796875,"z":282.96380615234377},"rotation":{"x":0.26255089044570925,"y":0.37630558013916018,"z":-0.11209697276353836,"w":0.8814439177513123},"size":1233.9227294921875,"orthographic":false}