{"cameraMode":{"drawMode":0,"name":"Shaded","section":"Shading Mode"},"sceneLighting":true,"audioPlay":false,"sceneViewState":{"showFog":true,"showMaterialUpdate":false,"showSkybox":true,"showFlares":true,"showImageEffects":true,"showParticleSystems":true,"showVisualEffectGraphs":true,"m_FxEnabled":true},"in2DMode":false,"pivot":{"x":0.6000000238418579,"y":0.6672936677932739,"z":0.5540766716003418},"rotation":{"x":0.12207374721765518,"y":0.10106321424245835,"z":-0.013307757675647736,"w":0.9881342053413391},"size":2.0704760551452638,"orthographic":false}