{"cameraMode":{"drawMode":0,"name":"Shaded","section":"Shading Mode"},"sceneLighting":true,"audioPlay":false,"sceneViewState":{"showFog":true,"showMaterialUpdate":false,"showSkybox":true,"showFlares":true,"showImageEffects":true,"showParticleSystems":true,"showVisualEffectGraphs":true,"m_FxEnabled":true},"in2DMode":false,"pivot":{"x":-15.210223197937012,"y":0.4471735954284668,"z":-38.83100891113281},"rotation":{"x":0.016971778124570848,"y":-0.9596617221832275,"z":0.27429136633872988,"w":0.05937905237078667},"size":4.374808311462402,"orthographic":false}