{"cameraMode":{"drawMode":0,"name":"Shaded","section":"Shading Mode"},"sceneLighting":true,"audioPlay":false,"sceneViewState":{"showFog":true,"showMaterialUpdate":false,"showSkybox":true,"showFlares":true,"showImageEffects":true,"showParticleSystems":true,"showVisualEffectGraphs":true,"m_FxEnabled":true},"in2DMode":false,"pivot":{"x":566.9151000976563,"y":344.72076416015627,"z":41.31744384765625},"rotation":{"x":0.10911322385072708,"y":0.05513976141810417,"z":-0.006061512511223555,"w":0.9924805760383606},"size":356.15509033203127,"orthographic":false}