{"cameraMode":{"drawMode":0,"name":"Shaded","section":"Shading Mode"},"sceneLighting":true,"audioPlay":false,"sceneViewState":{"showFog":true,"showMaterialUpdate":false,"showSkybox":true,"showFlares":true,"showImageEffects":true,"showParticleSystems":true,"showVisualEffectGraphs":true,"m_FxEnabled":true},"in2DMode":false,"pivot":{"x":689.0887451171875,"y":368.64752197265627,"z":14.927253723144532},"rotation":{"x":-0.29338598251342776,"y":0.11465530842542649,"z":-0.035467084497213367,"w":-0.9484352469444275},"size":70.71067810058594,"orthographic":false}