{"cameraMode":{"drawMode":0,"name":"Shaded","section":"Shading Mode"},"sceneLighting":true,"audioPlay":false,"sceneViewState":{"showFog":true,"showMaterialUpdate":false,"showSkybox":true,"showFlares":true,"showImageEffects":true,"showParticleSystems":true,"showVisualEffectGraphs":true,"m_FxEnabled":true},"in2DMode":false,"pivot":{"x":-13.516014099121094,"y":14.024322509765625,"z":21.958778381347658},"rotation":{"x":0.06732118874788284,"y":0.30136385560035708,"z":-0.02068600244820118,"w":0.9507485628128052},"size":35.595977783203128,"orthographic":false}