{"cameraMode":{"drawMode":0,"name":"Shaded","section":"Shading Mode"},"sceneLighting":true,"audioPlay":false,"sceneViewState":{"showFog":true,"showMaterialUpdate":false,"showSkybox":true,"showFlares":true,"showImageEffects":true,"showParticleSystems":true,"showVisualEffectGraphs":true,"m_FxEnabled":true},"in2DMode":false,"pivot":{"x":513.4993896484375,"y":44.646270751953128,"z":1050.489990234375},"rotation":{"x":-0.08838322013616562,"y":-0.005672192666679621,"z":0.0005032076151110232,"w":-0.9960700869560242},"size":875.669189453125,"orthographic":false}