{"cameraMode":{"drawMode":0,"name":"Shaded","section":"Shading Mode"},"sceneLighting":true,"audioPlay":false,"sceneViewState":{"showFog":true,"showMaterialUpdate":false,"showSkybox":true,"showFlares":true,"showImageEffects":true,"showParticleSystems":true,"showVisualEffectGraphs":true,"m_FxEnabled":true},"in2DMode":false,"pivot":{"x":-12.68899917602539,"y":2.9799997806549074,"z":-3.748000144958496},"rotation":{"x":-0.00009139743633568287,"y":-0.999052107334137,"z":0.04348618537187576,"w":-0.002099737524986267},"size":12.12435531616211,"orthographic":false}