{"cameraMode":{"drawMode":0,"name":"Shaded","section":"Shading Mode"},"sceneLighting":true,"audioPlay":false,"sceneViewState":{"showFog":true,"showMaterialUpdate":false,"showSkybox":true,"showFlares":true,"showImageEffects":true,"showParticleSystems":true,"showVisualEffectGraphs":true,"m_FxEnabled":true},"in2DMode":false,"pivot":{"x":-23.55741310119629,"y":-1.7647069692611695,"z":-66.36393737792969},"rotation":{"x":-0.0006662961095571518,"y":0.9956552982330322,"z":-0.09286405891180039,"w":-0.007146397605538368},"size":4.887140274047852,"orthographic":false}