{"cameraMode":{"drawMode":0,"name":"Shaded","section":"Shading Mode"},"sceneLighting":true,"audioPlay":false,"sceneViewState":{"showFog":true,"showMaterialUpdate":false,"showSkybox":true,"showFlares":true,"showImageEffects":true,"showParticleSystems":true,"showVisualEffectGraphs":true,"m_FxEnabled":true},"in2DMode":false,"pivot":{"x":611.8822631835938,"y":402.5201721191406,"z":3.497711181640625},"rotation":{"x":0.07343105226755142,"y":-0.009290420450270176,"z":0.0006854604580439627,"w":0.997261643409729},"size":362.8613586425781,"orthographic":false}