{"cameraMode":{"drawMode":0,"name":"Shaded","section":"Shading Mode"},"sceneLighting":true,"audioPlay":false,"sceneViewState":{"showFog":true,"showMaterialUpdate":false,"showSkybox":true,"showFlares":true,"showImageEffects":true,"showParticleSystems":true,"showVisualEffectGraphs":true,"m_FxEnabled":true},"in2DMode":false,"pivot":{"x":26.748722076416017,"y":-206.78353881835938,"z":28.898502349853517},"rotation":{"x":0.03000209666788578,"y":0.7486370205879211,"z":-0.07581131160259247,"w":0.6590768694877625},"size":24.24871063232422,"orthographic":false}