{"cameraMode":{"drawMode":0,"name":"Shaded","section":"Shading Mode"},"sceneLighting":true,"audioPlay":false,"sceneViewState":{"showFog":true,"showMaterialUpdate":false,"showSkybox":true,"showFlares":true,"showImageEffects":true,"showParticleSystems":true,"showVisualEffectGraphs":true,"m_FxEnabled":true},"in2DMode":false,"pivot":{"x":-26.032901763916017,"y":11.613214492797852,"z":-56.8347053527832},"rotation":{"x":0.027209356427192689,"y":-0.9631457328796387,"z":0.11042876541614533,"w":0.24313557147979737},"size":35.595977783203128,"orthographic":false}