{"cameraMode":{"drawMode":0,"name":"Shaded","section":"Shading Mode"},"sceneLighting":true,"audioPlay":false,"sceneViewState":{"showFog":true,"showMaterialUpdate":false,"showSkybox":true,"showFlares":true,"showImageEffects":true,"showParticleSystems":true,"showVisualEffectGraphs":true,"m_FxEnabled":true},"in2DMode":false,"pivot":{"x":272.2342834472656,"y":247.15858459472657,"z":-6.17486572265625},"rotation":{"x":0.05097101256251335,"y":0.016477733850479127,"z":-0.0008406834094785154,"w":0.9985665678977966},"size":234.090576171875,"orthographic":false}