{"cameraMode":{"drawMode":0,"name":"Shaded","section":"Shading Mode"},"sceneLighting":true,"audioPlay":false,"sceneViewState":{"showFog":true,"showMaterialUpdate":false,"showSkybox":true,"showFlares":true,"showImageEffects":true,"showParticleSystems":true,"showVisualEffectGraphs":true,"m_FxEnabled":true},"in2DMode":false,"pivot":{"x":-2.8098435401916506,"y":-3.192685604095459,"z":-2.3696937561035158},"rotation":{"x":0.020700978115200998,"y":-0.9788312315940857,"z":0.1584654450416565,"w":0.12786898016929627},"size":15.177850723266602,"orthographic":false}