{"cameraMode":{"drawMode":0,"name":"Shaded","section":"Shading Mode"},"sceneLighting":true,"audioPlay":false,"sceneViewState":{"showFog":true,"showMaterialUpdate":false,"showSkybox":true,"showFlares":true,"showImageEffects":true,"showParticleSystems":true,"showVisualEffectGraphs":true,"m_FxEnabled":true},"in2DMode":false,"pivot":{"x":0.938644528388977,"y":-2.757507801055908,"z":79.78483581542969},"rotation":{"x":0.013506205752491951,"y":-0.03846951574087143,"z":-0.00035473136813379824,"w":-1.000011682510376},"size":8.982755661010743,"orthographic":false}