{"cameraMode":{"drawMode":0,"name":"Shaded","section":"Shading Mode"},"sceneLighting":true,"audioPlay":false,"sceneViewState":{"showFog":true,"showMaterialUpdate":false,"showSkybox":true,"showFlares":true,"showImageEffects":true,"showParticleSystems":true,"showVisualEffectGraphs":true,"m_FxEnabled":true},"in2DMode":false,"pivot":{"x":0.26899999380111697,"y":1.0250000953674317,"z":-5.519999980926514},"rotation":{"x":-0.30667203664779665,"y":-0.0416523814201355,"z":0.013428151607513428,"w":-0.9508171677589417},"size":1.658312439918518,"orthographic":false}