{"cameraMode":{"drawMode":0,"name":"Shaded","section":"Shading Mode"},"sceneLighting":true,"audioPlay":false,"sceneViewState":{"showFog":true,"showMaterialUpdate":false,"showSkybox":true,"showFlares":true,"showImageEffects":true,"showParticleSystems":true,"showVisualEffectGraphs":true,"m_FxEnabled":true},"in2DMode":false,"pivot":{"x":-30.672157287597658,"y":-26.852935791015626,"z":7.0096940994262699},"rotation":{"x":0.16933803260326386,"y":-0.7664806246757507,"z":0.22618046402931214,"w":0.5765096545219421},"size":35.595977783203128,"orthographic":false}