{"cameraMode":{"drawMode":0,"name":"Shaded","section":"Shading Mode"},"sceneLighting":false,"audioPlay":false,"sceneViewState":{"showFog":true,"showMaterialUpdate":false,"showSkybox":false,"showFlares":true,"showImageEffects":true,"showParticleSystems":true,"showVisualEffectGraphs":true,"m_FxEnabled":true},"in2DMode":false,"pivot":{"x":0.014917373657226563,"y":3.3120102882385256,"z":0.002922236919403076},"rotation":{"x":-0.013010120019316674,"y":-0.95904940366745,"z":0.2794172465801239,"w":-0.04464550316333771},"size":4.425026893615723,"orthographic":false}