{"cameraMode":{"drawMode":0,"name":"Shaded","section":"Shading Mode"},"sceneLighting":false,"audioPlay":false,"sceneViewState":{"showFog":true,"showMaterialUpdate":false,"showSkybox":false,"showFlares":true,"showImageEffects":true,"showParticleSystems":true,"showVisualEffectGraphs":true,"m_FxEnabled":true},"in2DMode":false,"pivot":{"x":0.15786528587341309,"y":-0.11404085159301758,"z":-0.9010477066040039},"rotation":{"x":-0.07463523745536804,"y":0.9186340570449829,"z":-0.21025300025939942,"w":-0.3260940611362457},"size":3.013854742050171,"orthographic":false}