{"cameraMode":{"drawMode":0,"name":"Shaded","section":"Shading Mode"},"sceneLighting":false,"audioPlay":false,"sceneViewState":{"showFog":true,"showMaterialUpdate":false,"showSkybox":false,"showFlares":true,"showImageEffects":true,"showParticleSystems":true,"showVisualEffectGraphs":true,"m_FxEnabled":true},"in2DMode":false,"pivot":{"x":0.562885582447052,"y":1.7325565814971924,"z":-0.5274121761322022},"rotation":{"x":-0.004495990462601185,"y":-0.9901652932167053,"z":0.13600373268127442,"w":-0.03270547091960907},"size":0.8660253882408142,"orthographic":false}