{"cameraMode":{"drawMode":0,"name":"Shaded","section":"Shading Mode"},"sceneLighting":false,"audioPlay":false,"sceneViewState":{"showFog":true,"showMaterialUpdate":false,"showSkybox":false,"showFlares":true,"showImageEffects":true,"showParticleSystems":true,"showVisualEffectGraphs":true,"m_FxEnabled":true},"in2DMode":false,"pivot":{"x":-0.034336090087890628,"y":0.44626617431640627,"z":-0.05370330810546875},"rotation":{"x":-0.018019596114754678,"y":-0.9499197602272034,"z":0.05408266931772232,"w":-0.3086608648300171},"size":1.309064507484436,"orthographic":false}