{"cameraMode":{"drawMode":0,"name":"Shaded","section":"Shading Mode"},"sceneLighting":false,"audioPlay":false,"sceneViewState":{"m_AlwaysRefresh":false,"showFog":true,"showSkybox":false,"showFlares":true,"showImageEffects":true,"showParticleSystems":true,"showVisualEffectGraphs":true,"m_FxEnabled":true},"in2DMode":false,"pivot":{"x":1.8627597093582154,"y":-0.3132022023200989,"z":11.925702095031739},"rotation":{"x":-0.10431670397520066,"y":-0.09619355201721192,"z":0.010154252871870995,"w":-0.9898489713668823},"size":19.51844596862793,"orthographic":false}