{"cameraMode":{"drawMode":0,"name":"Shaded","section":"Shading Mode"},"sceneLighting":false,"audioPlay":false,"sceneViewState":{"showFog":true,"showMaterialUpdate":false,"showSkybox":false,"showFlares":true,"showImageEffects":true,"showParticleSystems":true,"showVisualEffectGraphs":true,"m_FxEnabled":true},"in2DMode":false,"pivot":{"x":-1.4210727214813233,"y":-1.1570453643798829,"z":-3.733675479888916},"rotation":{"x":-0.018770350143313409,"y":0.9774309396743774,"z":-0.18247172236442567,"w":-0.10397952795028687},"size":13.248106956481934,"orthographic":false}